1,9.711848,-0.2176578,0.1532157,0.3231121,0.2705764,0.6196591,-0.6523082,-0.8747913,0.006220452,-0.01629432,-0.1212846,-0.7258922,-0.6767641,-1.582001,-1.830933,2.248
1,9.789527,-0.2094953,0.1389102,0.3364103,0.2783075,0.6242399,-0.6533464,-0.8883259,0.005638503,-0.01845102,-0.100356,-0.7042205,-0.7026503,-1.582001,-1.830933,2.248
1,9.845013,-0.2058578,0.1253523,0.3470635,0.2858375,0.6731331,-0.6195683,-0.8940444,0.0035519,-0.0173752,-0.1106846,-0.6996917,-0.7057779,-1.582001,-1.830933,2.248
1,9.911886,-0.2008934,0.1105352,0.3522975,0.2870774,0.6685712,-0.6241128,-0.8958954,-8.81893E-05,-0.01837991,-0.1132369,-0.6878748,-0.7169374,-1.582001,-1.830933,2.248
1,9.978403,-0.194434,0.1100129,0.3521536,0.2880303,0.6741437,-0.6298833,-0.8957133,-0.001044028,-0.01833932,-0.1101105,-0.6882417,-0.7170736,-1.582001,-1.830933,2.248
1,10.04546,-0.1906186,0.1182888,0.3483256,0.2918894,0.6664667,-0.6396216,-0.8933336,-0.0004976225,-0.01657043,-0.09461403,-0.707476,-0.7003098,-1.582001,-1.830933,2.248
1,10.11152,-0.1917116,0.1224855,0.34561,0.288693,0.6617128,-0.6413878,-0.8951298,0.0009799491,-0.01684105,-0.1047118,-0.6998725,-0.7065343,-1.582001,-1.830933,2.248
1,10.17848,-0.1927799,0.1232148,0.3437507,0.285749,0.6589152,-0.6409167,-0.8959023,0.0014018,-0.01637095,-0.09470963,-0.7001033,-0.7077276,-1.582001,-1.830933,2.248
1,10.24489,-0.191062,0.1207888,0.342494,0.2866526,0.6573817,-0.6440052,-0.8970974,0.0009354343,-0.01558781,-0.09401359,-0.7002534,-0.707625,-1.582001,-1.830933,2.248
1,10.31195,-0.1890342,0.1179763,0.3413156,0.2912004,0.650967,-0.6524454,-0.8970825,-0.0003245847,-0.01377046,-0.08929379,-0.7118968,-0.6965072,-1.582001,-1.830933,2.248
1,10.37834,-0.198221,0.1231104,0.3360842,0.296267,0.645023,-0.655999,-0.8875428,0.005539013,-0.01145693,-0.06752931,-0.7014257,-0.7094375,-1.582001,-1.830933,2.248
1,10.446,-0.2203354,0.1333217,0.3283384,0.3158118,0.6120935,-0.6645797,-0.8596094,0.02117759,0.007240446,-0.09913576,-0.7323376,-0.6726381,-1.582001,-1.830933,2.248
1,10.51134,-0.2509912,0.1490879,0.314863,0.3400097,0.6170779,-0.6483311,-0.8272145,0.02806103,0.01208349,-0.06377084,-0.6188901,-0.7828845,-1.582001,-1.830933,2.248
1,10.57805,-0.2797941,0.1603038,0.2998324,0.3684598,0.5924112,-0.6473938,-0.7956324,0.03508806,0.02947467,-0.08249455,-0.6764167,-0.7318622,-1.582001,-1.830933,2.248
1,10.64507,-0.3033345,0.1704353,0.2807643,0.3833497,0.5689124,-0.6477615,-0.7836749,0.03618474,0.031661,-0.06393657,-0.6831012,-0.7272807,-1.582001,-1.830933,2.248
1,10.71137,-0.3173242,0.1769396,0.262857,0.3938188,0.544669,-0.6495608,-0.7609995,0.0424554,0.02637805,-0.08957034,-0.7016105,-0.7059883,-1.582001,-1.830933,2.248
1,10.77803,-0.3226157,0.1795649,0.2508487,0.4131375,0.5494316,-0.6394061,-0.7189828,0.04313731,0.02795841,-0.1395834,-0.6895363,-0.6998217,-1.582001,-1.830933,2.248
1,10.84497,-0.3279363,0.1818549,0.2419938,0.4303111,0.5424845,-0.6325795,-0.6744018,0.03613369,0.04290054,-0.214563,-0.6675755,-0.6755722,-1.582001,-1.830933,2.248
1,10.91146,-0.3338247,0.1887479,0.231841,0.4375595,0.5299622,-0.6342118,-0.6428607,0.02136635,0.06230219,-0.2767667,-0.6119646,-0.6580951,-1.582001,-1.830933,2.248
1,10.97793,-0.3383494,0.1989223,0.2180142,0.4410758,0.5153621,-0.6378733,-0.6348975,0.007772225,0.08551683,-0.344515,-0.5716094,-0.6435395,-1.582001,-1.830933,2.248
1,11.04443,-0.3387758,0.2063925,0.2035482,0.4447745,0.5058079,-0.640493,-0.6367027,0.001139584,0.1067799,-0.3793759,-0.547719,-0.6339344,-1.582001,-1.830933,2.248
1,11.11108,-0.3367608,0.2084642,0.1922943,0.4394975,0.5085219,-0.6400315,-0.6399674,-0.005363992,0.1195337,-0.4021798,-0.5088968,-0.6414784,-1.582001,-1.830933,2.248
1,11.18926,-0.3306036,0.2069248,0.1822348,0.4419972,0.5096886,-0.6423338,-0.6451511,-0.006068023,0.1307698,-0.4282635,-0.5339253,-0.6022467,-1.582001,-1.830933,2.248
1,11.25678,-0.3264165,0.204819,0.1760914,0.4419087,0.5111147,-0.6444096,-0.6500216,-0.005509582,0.1368464,-0.4258256,-0.5589868,-0.5790691,-1.582001,-1.830933,2.248
1,11.31162,-0.3227673,0.2018461,0.1721769,0.4459472,0.51012,-0.6467134,-0.6554987,-0.005033125,0.1422988,-0.4150772,-0.5726729,-0.5774785,-1.582001,-1.830933,2.248
1,11.37842,-0.3228887,0.1982708,0.1703327,0.4504032,0.5200384,-0.6411564,-0.6596113,-0.00412491,0.1462337,-0.4190914,-0.5848773,-0.5652638,-1.582001,-1.830933,2.248
1,11.44428,-0.329058,0.1950592,0.1696987,0.4600359,0.5128863,-0.6376526,-0.6598793,-0.004199094,0.1461021,-0.4178264,-0.581963,-0.5620499,-1.582001,-1.830933,2.248
1,11.51088,-0.3419966,0.1949215,0.1704298,0.4756403,0.5087783,-0.6282396,-0.6595989,-0.003625241,0.1457167,-0.4286221,-0.5803267,-0.5526675,-1.582001,-1.830933,2.248
1,11.57791,-0.365106,0.1989068,0.1709691,0.5037187,0.4876184,-0.6217675,-0.6588606,-0.005026093,0.1438668,-0.4228159,-0.5645784,-0.5592906,-1.582001,-1.830933,2.248
1,11.64474,-0.4043047,0.1966028,0.1705123,0.5225869,0.4732353,-0.6042712,-0.6620247,-0.004332384,0.1457378,-0.4296461,-0.5694923,-0.5558673,-1.582001,-1.830933,2.248
1,11.71094,-0.4496424,0.1796404,0.1705105,0.5228398,0.4800411,-0.5701449,-0.6679629,0.003194081,0.144871,-0.4146004,-0.5883232,-0.562293,-1.582001,-1.830933,2.248
1,11.77781,-0.4836899,0.1602281,0.1690285,0.507861,0.4767776,-0.5612065,-0.6704065,0.02344025,0.1284311,-0.4035633,-0.6082265,-0.5547828,-1.582001,-1.830933,2.248
1,11.83327,-0.5018517,0.1506017,0.1690492,0.4971356,0.4925426,-0.5494478,-0.6776181,0.04700154,0.1058223,-0.3934672,-0.6333967,-0.5425031,-1.582001,-1.830933,2.248
1,11.89956,-0.5167215,0.1447091,0.1748893,0.4856477,0.5103286,-0.5510877,-0.6990868,0.06943877,0.07550924,-0.3691541,-0.6494806,-0.5631789,-1.582001,-1.830933,2.248
1,11.97919,-0.5321308,0.1413209,0.1819243,0.4777465,0.5282656,-0.5449708,-0.7403897,0.0876881,0.04259885,-0.3049787,-0.7014952,-0.5723791,-1.582001,-1.830933,2.248
1,12.0441,-0.5413493,0.1381405,0.1846063,0.4823024,0.5150005,-0.5550807,-0.7736023,0.09293414,0.02158365,-0.2572264,-0.7337714,-0.5775067,-1.582001,-1.830933,2.248
1,12.11088,-0.5555728,0.1355706,0.1827849,0.4919892,0.5269701,-0.5373192,-0.8047367,0.09109676,0.0009780652,-0.2183864,-0.752255,-0.5857725,-1.582001,-1.830933,2.248
1,12.17739,-0.5758818,0.1330742,0.1736677,0.5032318,0.5126548,-0.5270368,-0.8243507,0.08863381,-0.01300523,-0.184872,-0.7611191,-0.5938861,-1.582001,-1.830933,2.248
1,12.24402,-0.597312,0.1326881,0.1603805,0.507988,0.4923155,-0.5127083,-0.8344305,0.08374087,-0.01914926,-0.1621331,-0.7644785,-0.5999535,-1.582001,-1.830933,2.248
1,12.31049,-0.6170428,0.1326668,0.1458771,0.5173048,0.4697106,-0.5033059,-0.8393387,0.07855984,-0.02019822,-0.1486045,-0.7665662,-0.6029701,-1.582001,-1.830933,2.248
1,12.38933,-0.6372152,0.1344029,0.1304956,0.5260577,0.4662697,-0.485791,-0.8414306,0.07350646,-0.01870931,-0.13909,-0.7677573,-0.6038316,-1.582001,-1.830933,2.248
1,12.45506,-0.6479414,0.1348439,0.1226128,0.5302362,0.4545588,-0.487621,-0.840344,0.07071655,-0.01739157,-0.1358172,-0.7664868,-0.6039052,-1.582001,-1.830933,2.248
1,12.52194,-0.6606781,0.1359116,0.1157859,0.5315986,0.462064,-0.4722295,-0.8336909,0.06529697,-0.01773352,-0.1460322,-0.7563663,-0.6085891,-1.582001,-1.830933,2.248
1,12.58849,-0.6683738,0.1374953,0.1123791,0.5294541,0.455476,-0.4730794,-0.8307582,0.06207632,-0.01820351,-0.1444912,-0.7501508,-0.6145257,-1.582001,-1.830933,2.248
1,12.65469,-0.6750049,0.1399458,0.1115676,0.5316882,0.4409159,-0.4832837,-0.8279217,0.06073757,-0.01772208,-0.1464717,-0.7474089,-0.6149936,-1.582001,-1.830933,2.248
1,12.72143,-0.6757448,0.1430641,0.1146387,0.5346467,0.4520975,-0.4724792,-0.8264691,0.06052121,-0.0169768,-0.1469512,-0.7421042,-0.6203463,-1.582001,-1.830933,2.248
1,12.78823,-0.6725541,0.1425038,0.1174475,0.5336674,0.4580109,-0.4724807,-0.8245786,0.05939711,-0.01519075,-0.1501187,-0.7429225,-0.616998,-1.582001,-1.830933,2.248
1,12.85483,-0.6656673,0.1413942,0.1206279,0.5322628,0.4600923,-0.4736329,-0.8215894,0.05827161,-0.01339573,-0.1517934,-0.7407101,-0.6171266,-1.582001,-1.830933,2.248
1,12.9215,-0.6529649,0.1404265,0.1254102,0.5303288,0.4651532,-0.4761741,-0.8127299,0.05676752,-0.01101965,-0.1527764,-0.7335411,-0.6172164,-1.582001,-1.830933,2.248
1,12.98818,-0.6322883,0.1367248,0.1346258,0.5225359,0.4706288,-0.4905266,-0.8035878,0.05465851,-0.008501717,-0.157955,-0.7285457,-0.6162108,-1.582001,-1.830933,2.248
1,13.05518,-0.6142882,0.1354973,0.1450756,0.5140896,0.4875001,-0.4950683,-0.7992633,0.05311836,-0.007191887,-0.1600346,-0.7243868,-0.617219,-1.582001,-1.830933,2.248
1,13.12137,-0.5862504,0.136073,0.1598947,0.5029617,0.4946373,-0.5150464,-0.7962112,0.05287921,-0.004272732,-0.1627518,-0.7246929,-0.6132722,-1.582001,-1.830933,2.248
1,13.1775,-0.5651671,0.1380747,0.1698579,0.4904351,0.5051807,-0.5223336,-0.7917603,0.05604146,-0.002029763,-0.1635279,-0.7273181,-0.6048237,-1.582001,-1.830933,2.248
1,13.24349,-0.544048,0.1382477,0.1774081,0.4896992,0.5133318,-0.5351104,-0.772623,0.06050375,-0.001552157,-0.2087705,-0.6941475,-0.6141006,-1.582001,-1.830933,2.248
1,13.31012,-0.5264831,0.1414588,0.1816545,0.4805014,0.5192866,-0.5429701,-0.7367057,0.06413769,0.005306358,-0.2555397,-0.6587725,-0.5957733,-1.582001,-1.830933,2.248
1,13.37732,-0.510343,0.14672,0.1820984,0.4763356,0.5169799,-0.5521694,-0.6939165,0.06173578,0.02011483,-0.3133766,-0.6260774,-0.5592061,-1.582001,-1.830933,2.248
1,13.44362,-0.4942872,0.1535149,0.1793989,0.4700221,0.5249414,-0.5588602,-0.6597987,0.05049242,0.03685806,-0.3844067,-0.5778782,-0.5509693,-1.582001,-1.830933,2.248
1,13.51001,-0.4758134,0.1578423,0.1747455,0.4687473,0.5185202,-0.5718339,-0.6384066,0.03812364,0.05793727,-0.4454769,-0.5445448,-0.5315412,-1.582001,-1.830933,2.248
1,13.57657,-0.4582071,0.1587619,0.1707091,0.4681138,0.5225049,-0.5820881,-0.6218084,0.02074136,0.07498658,-0.4687861,-0.4925501,-0.5375597,-1.582001,-1.830933,2.248
1,13.64337,-0.4417951,0.1584427,0.1664947,0.4608051,0.5394173,-0.5819317,-0.6081331,0.009660099,0.09417341,-0.4997769,-0.4804061,-0.5274784,-1.582001,-1.830933,2.248
1,13.71014,-0.4269179,0.1576601,0.1614683,0.4583571,0.535954,-0.5950167,-0.6010031,0.001997312,0.110214,-0.5033895,-0.4842384,-0.5262968,-1.582001,-1.830933,2.248
1,13.77647,-0.4135955,0.1572136,0.1571712,0.4579386,0.5324677,-0.6084121,-0.604447,-0.001421362,0.1242735,-0.4997973,-0.5004194,-0.5264814,-1.582001,-1.830933,2.248
1,13.84354,-0.405479,0.1560747,0.1555898,0.4598055,0.5412421,-0.6060121,-0.6140657,-0.004487473,0.1335761,-0.4894868,-0.513685,-0.5374263,-1.582001,-1.830933,2.248
1,13.90974,-0.40648,0.1524556,0.1566032,0.4690468,0.5431952,-0.5993296,-0.6233813,-0.005462142,0.1380745,-0.485821,-0.519615,-0.5411577,-1.582001,-1.830933,2.248
1,13.97664,-0.4141196,0.1505354,0.1574705,0.4741413,0.5385653,-0.594357,-0.6309894,-0.005856113,0.1388944,-0.481861,-0.5147068,-0.5433792,-1.582001,-1.830933,2.248
1,14.03563,-0.4220676,0.1525632,0.1576402,0.4792175,0.5395903,-0.5848926,-0.6400242,-0.005888435,0.1401472,-0.491205,-0.5111256,-0.5432427,-1.582001,-1.830933,2.248
1,14.09892,-0.4295087,0.1550289,0.1571221,0.4887307,0.5211525,-0.587825,-0.651679,-0.006022148,0.1408805,-0.4740749,-0.5103198,-0.5609807,-1.582001,-1.830933,2.248
1,14.16555,-0.4339899,0.1565398,0.1568955,0.4913836,0.5259949,-0.5800645,-0.6687832,-0.00542747,0.1432889,-0.4768642,-0.5117237,-0.5721839,-1.582001,-1.830933,2.248
1,14.22078,-0.4359404,0.1553754,0.1571761,0.4941217,0.5259209,-0.5776953,-0.6805268,-0.005316864,0.1439886,-0.4726338,-0.5082934,-0.5851864,-1.582001,-1.830933,2.248
1,14.28753,-0.4378765,0.1524841,0.1570717,0.4968796,0.5193717,-0.5788926,-0.683273,-0.005900959,0.1398429,-0.4739248,-0.5049701,-0.5762445,-1.582001,-1.830933,2.248
1,14.35433,-0.4394965,0.1505953,0.1563956,0.5000782,0.5200287,-0.5750819,-0.6834127,-0.004873113,0.14051,-0.4840328,-0.5080138,-0.5576848,-1.582001,-1.830933,2.248
1,14.42061,-0.4414426,0.150613,0.1556578,0.5018259,0.5184181,-0.5736411,-0.6839367,-0.006169199,0.1412987,-0.4756498,-0.5055674,-0.5644317,-1.582001,-1.830933,2.248
1,14.48822,-0.4438286,0.1517935,0.1556701,0.5037387,0.5156566,-0.5727066,-0.6835997,-0.005929974,0.1427355,-0.4667071,-0.5145399,-0.5663986,-1.582001,-1.830933,2.248
1,14.56557,-0.4549947,0.1618819,0.1582595,0.5309325,0.5024669,-0.5647838,-0.6820611,-0.004962322,0.1441257,-0.4695532,-0.5225592,-0.5577,-1.582001,-1.830933,2.248
1,14.63194,-0.4757588,0.1781577,0.1593762,0.5561416,0.4725077,-0.56683,-0.6818051,-0.005251092,0.1443428,-0.4710713,-0.5212988,-0.5589107,-1.582001,-1.830933,2.248
1,14.69823,-0.5100121,0.1929834,0.1581624,0.5826229,0.4181184,-0.5689721,-0.6799947,-0.004477122,0.144566,-0.4654635,-0.5326566,-0.5455061,-1.582001,-1.830933,2.248
1,14.76514,-0.5527143,0.2045531,0.1540031,0.603064,0.3850429,-0.5419899,-0.6793401,-0.006149156,0.1427931,-0.4599247,-0.5226739,-0.5517123,-1.582001,-1.830933,2.248
1,14.83206,-0.5928001,0.2081263,0.1493573,0.614462,0.3833392,-0.4975602,-0.6767647,-0.005552528,0.1424713,-0.4607727,-0.5285994,-0.5360232,-1.582001,-1.830933,2.248
1,14.89834,-0.6250771,0.2028904,0.1453364,0.613112,0.3917664,-0.4595163,-0.6888263,-0.005491011,0.09613701,-0.3200593,-0.1366754,-0.7162978,-1.582001,-1.830933,2.248
1,14.95371,-0.6420963,0.1957751,0.1435907,0.5841771,0.4106322,-0.4598618,-0.6876772,-0.006096479,0.09630202,-0.322376,-0.1418646,-0.7130586,-1.582001,-1.830933,2.248
1,15.02134,-0.6562617,0.1863811,0.1431204,0.5633425,0.425064,-0.4533445,-0.6854559,-0.007693963,0.09891207,-0.3441868,-0.1713567,-0.691521,-1.582001,-1.830933,2.248
1,15.08706,-0.6633109,0.1787604,0.1422503,0.5453498,0.4331376,-0.4501376,-0.6838582,-0.009014646,0.0997366,-0.346031,-0.1854037,-0.6792735,-1.582001,-1.830933,2.248
1,15.16515,-0.6689926,0.1710925,0.1394836,0.5263572,0.4331534,-0.4537229,-0.6858857,-0.01027894,0.1046757,-0.419324,-0.2134414,-0.6543781,-1.582001,-1.830933,2.248
1,15.23319,-0.6726285,0.1654965,0.1352154,0.5066906,0.4297487,-0.4489702,-0.6868521,-0.007435084,0.1026432,-0.3919837,-0.1824733,-0.6865379,-1.582001,-1.830933,2.248
1,15.29874,-0.6699781,0.1651828,0.1359054,0.5036194,0.4341097,-0.4557306,-0.6858988,-0.007811532,0.1026061,-0.3895926,-0.1806028,-0.6938013,-1.582001,-1.830933,2.248
1,15.36483,-0.6702485,0.1653157,0.1347982,0.5003632,0.4349558,-0.4595159,-0.6859389,-0.007797395,0.1028187,-0.3903561,-0.1824869,-0.6910685,-1.582001,-1.830933,2.248
1,15.43151,-0.6746058,0.1652307,0.1293454,0.4813415,0.4296991,-0.4586318,-0.6853446,-0.005193101,0.101203,-0.3518327,-0.1595608,-0.7148572,-1.582001,-1.830933,2.248
1,15.49796,-0.6790444,0.1650727,0.1265321,0.4731236,0.4259955,-0.4518329,-0.6833789,-0.007225521,0.1017891,-0.3486533,-0.1812518,-0.6944792,-1.582001,-1.830933,2.248
1,15.56446,-0.6769894,0.1646547,0.1350714,0.5103214,0.4371096,-0.4461868,-0.6833789,-0.007225521,0.1017891,-0.3486533,-0.1812518,-0.6944792,-1.582001,-1.830933,2.248
1,15.63163,-0.6775517,0.1611571,0.1359946,0.5103736,0.4475579,-0.4435242,-0.6833789,-0.007225521,0.1017891,-0.3486533,-0.1812518,-0.6944792,-1.582001,-1.830933,2.248
1,15.69799,-0.6730714,0.1480709,0.1389847,0.5200261,0.4481653,-0.4479421,-0.6833789,-0.007225521,0.1017891,-0.3486533,-0.1812518,-0.6944792,-1.582001,-1.830933,2.248
1,15.74826,-0.6660485,0.1324793,0.1489259,0.553484,0.4427032,-0.4520791,-0.6833789,-0.007225521,0.1017891,-0.3486533,-0.1812518,-0.6944792,-1.582001,-1.830933,2.248
1,15.80878,-0.6740119,0.1203892,0.1528727,0.5461592,0.4698003,-0.4176101,-0.6833789,-0.007225521,0.1017891,-0.3486533,-0.1812518,-0.6944792,-1.582001,-1.830933,2.248
1,15.87547,-0.6721954,0.1198362,0.1496621,0.5466038,0.4524816,-0.4232258,-0.6833789,-0.007225521,0.1017891,-0.3486533,-0.1812518,-0.6944792,-1.582001,-1.830933,2.248
1,15.94236,-0.6713256,0.1190354,0.1533945,0.5570155,0.4552947,-0.4173957,-0.6743221,-0.003592732,0.1472466,-0.4469096,-0.5510091,-0.546772,-1.582001,-1.830933,2.248
1,16.0088,-0.6740592,0.1195888,0.151775,0.5460857,0.4624223,-0.4188611,-0.6743104,-0.003657066,0.1471681,-0.4468752,-0.554086,-0.5449227,-1.582001,-1.830933,2.248
1,16.07583,-0.6727761,0.1197049,0.1492235,0.5429827,0.4588008,-0.4250303,-0.6730331,-0.004151182,0.1467795,-0.4448424,-0.5591834,-0.5353038,-1.582001,-1.830933,2.248
1,16.14206,-0.6734241,0.1196938,0.1509063,0.544405,0.4629609,-0.4212804,-0.6740654,-0.004265985,0.1469396,-0.4446274,-0.551617,-0.5457402,-1.582001,-1.830933,2.248
1,16.20928,-0.6718199,0.1189682,0.1547581,0.5566907,0.4628388,-0.4157819,-0.67366,-0.004247004,0.1468894,-0.4417188,-0.5511834,-0.5463923,-1.582001,-1.830933,2.248
1,16.27547,-0.6715837,0.1195677,0.1501665,0.5389672,0.4677717,-0.4310318,-0.6739742,-0.004412732,0.1465056,-0.4439809,-0.5480891,-0.5469365,-1.582001,-1.830933,2.248
1,16.34198,-0.6732055,0.1196978,0.1485251,0.5323055,0.4701318,-0.4354694,-0.6736404,-0.004145162,0.1464221,-0.4450295,-0.5542334,-0.5403579,-1.582001,-1.830933,2.248
1,16.40897,-0.6724181,0.1193325,0.1508373,0.5407733,0.4699501,-0.4294868,-0.6745008,-0.004560245,0.1454787,-0.446987,-0.5377488,-0.5525487,-1.582001,-1.830933,2.248
1,16.48657,-0.6730201,0.1192481,0.1527241,0.5498611,0.4653074,-0.4190149,-0.673867,-0.005025532,0.1463793,-0.4446312,-0.5422962,-0.5505386,-1.582001,-1.830933,2.248
1,16.55371,-0.6736217,0.1196475,0.1510122,0.5448919,0.4629876,-0.4191649,-0.6743336,-0.002999993,0.1476532,-0.4512038,-0.56167,-0.5356055,-1.582001,-1.830933,2.248
1,16.60843,-0.6739617,0.119721,0.1514394,0.5442826,0.4671049,-0.4154198,-0.6748461,-0.003880436,0.1467469,-0.4473751,-0.5488268,-0.5487557,-1.582001,-1.830933,2.248
1,16.67521,-0.6730877,0.1194416,0.152449,0.5485854,0.4639156,-0.4170077,-0.6750465,-0.002515901,0.1477677,-0.4496711,-0.5599846,-0.5409645,-1.582001,-1.830933,2.248
1,16.7432,-0.6733538,0.1192498,0.1512704,0.5464298,0.4615461,-0.4220789,-0.6742687,-0.003204129,0.1473578,-0.4444169,-0.5579808,-0.5407547,-1.582001,-1.830933,2.248
1,16.80845,-0.6736068,0.1196224,0.1517301,0.5464726,0.4639249,-0.4177528,-0.6751169,-0.00246221,0.1474848,-0.4495234,-0.5540519,-0.5443116,-1.582001,-1.830933,2.248
1,16.87547,-0.673336,0.1195232,0.1517935,0.5462324,0.4632569,-0.4194456,-0.6747728,-0.003145682,0.1466798,-0.4488924,-0.5500216,-0.5454746,-1.582001,-1.830933,2.248
1,16.94257,-0.6735516,0.1195275,0.1516564,0.5468456,0.463253,-0.4186124,-0.6739349,-0.002886642,0.1468111,-0.4463228,-0.5556151,-0.5380477,-1.582001,-1.830933,2.248
1,17.00913,-0.6733521,0.1195149,0.1518638,0.5469949,0.4625172,-0.4192514,-0.6741921,-0.003038276,0.1468265,-0.4443898,-0.555099,-0.5403956,-1.582001,-1.830933,2.248
1,17.07503,-0.6734524,0.1194966,0.1516819,0.546557,0.4612466,-0.4193113,-0.6738457,-0.002751306,0.1465641,-0.4424592,-0.5555855,-0.5363255,-1.582001,-1.830933,2.248
1,17.14154,-0.6734045,0.1194103,0.1517809,0.5471171,0.4625161,-0.4191256,-0.6752535,-0.002404072,0.1470632,-0.4526401,-0.55546,-0.5410568,-1.582001,-1.830933,2.248
1,17.20847,-0.6734807,0.1192699,0.151289,0.5459902,0.4642546,-0.4205701,-0.6755401,-0.002288166,0.147301,-0.4569881,-0.5569173,-0.5396321,-1.582001,-1.830933,2.248
1,17.27466,-0.6734436,0.1194359,0.1515516,0.5472544,0.4640838,-0.418379,-0.6739937,-0.002366271,0.1462504,-0.4416535,-0.5579535,-0.5361668,-1.582001,-1.830933,2.248
1,17.34199,-0.6734152,0.1194062,0.151734,0.54711,0.46234,-0.4191936,-0.6712962,0.00105148,0.1515837,-0.4503981,-0.6020069,-0.4954169,-1.582001,-1.830933,2.248
1,17.40805,-0.6736237,0.1197198,0.1500545,0.5417293,0.4651869,-0.4222588,-0.6670544,0.003182417,0.1529622,-0.429554,-0.6318879,-0.45675,-1.582001,-1.830933,2.248
1,17.47472,-0.6736392,0.1199707,0.1485325,0.536425,0.4655489,-0.4277051,-0.6726282,-0.0005855433,0.1488642,-0.4498404,-0.5844715,-0.5125728,-1.582001,-1.830933,2.248
1,17.54163,-0.6731647,0.1197455,0.1496595,0.5390313,0.4656507,-0.4280362,-0.6751909,-0.001206546,0.1463894,-0.4494564,-0.5602792,-0.5367917,-1.582001,-1.830933,2.248
1,17.60813,-0.6729169,0.1193206,0.1519403,0.5454825,0.469044,-0.4224824,-0.6743281,-0.001164123,0.1474681,-0.4456464,-0.5650331,-0.5284264,-1.582001,-1.830933,2.248
1,17.69132,-0.6728289,0.1192242,0.1519202,0.5459537,0.4679523,-0.4225399,-0.6752559,-0.0003944382,0.1498693,-0.4614106,-0.5741206,-0.5224992,-1.582001,-1.830933,2.248
1,17.75237,-0.6735175,0.1196163,0.1505809,0.542095,0.4669401,-0.4238045,-0.6756821,-0.0001125784,0.1483562,-0.4477763,-0.5727355,-0.5313185,-1.582001,-1.830933,2.248
1,17.81927,-0.6739687,0.1198097,0.1505976,0.5455821,0.4560655,-0.4180511,-0.6567557,-0.0004295391,0.144219,-0.2466522,-0.6615179,-0.4744141,-1.582001,-1.830933,2.248
1,17.88581,-0.6746283,0.1269952,0.1481993,0.5324417,0.4651008,-0.4271371,-0.6567557,-0.0004295391,0.144219,-0.2466522,-0.6615179,-0.4744141,-1.582001,-1.830933,2.248
1,17.95234,-0.6608694,0.1631091,0.1446272,0.5517885,0.4161957,-0.4719251,-0.6567557,-0.0004295391,0.144219,-0.2466522,-0.6615179,-0.4744141,-1.582001,-1.830933,2.248
1,18.00846,-0.6390516,0.2108408,0.1370546,0.5401102,0.3891762,-0.5006309,-0.6677796,-0.00570362,0.1501317,0.4223137,0.5808436,0.5871579,-1.582001,-1.830933,2.248
1,18.07481,-0.6027618,0.2472684,0.1379626,0.4889779,0.3919053,-0.5647469,-0.6668316,-0.008860389,0.1517856,0.3807549,0.5260274,0.6718743,-1.582001,-1.830933,2.248
1,18.1416,-0.5618199,0.2435527,0.151597,0.4423556,0.3459111,-0.608992,-0.6564886,-0.005754514,0.1620629,0.3772757,0.5223297,0.6953557,-1.582001,-1.830933,2.248
1,18.21107,-0.51868,0.2064527,0.1821105,0.4656388,0.4525362,-0.5547946,-0.633608,0.007824128,0.1734625,0.4105273,0.5468847,0.6478761,-1.582001,-1.830933,2.248
1,18.27454,-0.4694835,0.1556783,0.1998233,0.4519165,0.5050663,-0.5448615,-0.6002994,0.01531022,0.1832514,0.4465092,0.5571727,0.5924643,-1.582001,-1.830933,2.248
1,18.34111,-0.4357577,0.1250405,0.1979119,0.4391986,0.5292401,-0.5383749,-0.5659767,0.01107938,0.1914801,0.4794924,0.5298826,0.5645315,-1.582001,-1.830933,2.248
1,18.40808,-0.4163246,0.1085657,0.1958618,0.4402086,0.5475183,-0.5338421,-0.5373149,-0.0009210139,0.1990397,0.4913357,0.4862024,0.5639971,-1.582001,-1.830933,2.248
1,18.47457,-0.405321,0.105445,0.2016784,0.4745505,0.5407788,-0.5383222,-0.5215744,-0.005440487,0.210527,0.5213659,0.4892874,0.5499446,-1.582001,-1.830933,2.248
1,18.54125,-0.4139655,0.106733,0.203852,0.4694224,0.5422002,-0.5133565,-0.5102023,-0.008921009,0.2117812,0.5038164,0.474271,0.5479231,-1.582001,-1.830933,2.248
1,18.6082,-0.4185458,0.1070729,0.2034312,0.4718755,0.5295593,-0.5114481,-0.5098262,-0.008800726,0.2125335,0.476542,0.4877461,0.5360934,-1.582001,-1.830933,2.248
1,18.67429,-0.4110874,0.1048469,0.2037827,0.4957962,0.5170752,-0.5285612,-0.5119907,-0.008252931,0.2112329,0.469909,0.4946207,0.522393,-1.582001,-1.830933,2.248
1,18.74112,-0.4068782,0.1043996,0.2043902,0.5044408,0.5221865,-0.5257201,-0.5126274,-0.005725832,0.2146309,0.4786599,0.5190902,0.510705,-1.582001,-1.830933,2.248
1,18.80754,-0.410043,0.1049922,0.2064519,0.494563,0.5160339,-0.5237139,-0.5119371,-0.007804617,0.2121226,0.4735166,0.5029586,0.518401,-1.582001,-1.830933,2.248
1,18.87438,-0.4135449,0.105606,0.2032067,0.4849947,0.5218165,-0.5260002,-0.5121348,-0.008421076,0.2114445,0.4654726,0.4935101,0.528587,-1.582001,-1.830933,2.248
1,18.94141,-0.4122313,0.1060357,0.2000662,0.4722732,0.5174732,-0.5351224,-0.5122749,-0.007445297,0.2125767,0.4721512,0.5034935,0.5204784,-1.582001,-1.830933,2.248
1,19.00842,-0.4093216,0.1049015,0.2020039,0.4855753,0.5387294,-0.5342155,-0.5128655,-0.00760376,0.213286,0.4652483,0.5103451,0.5289136,-1.582001,-1.830933,2.248
1,19.07508,-0.4078411,0.1050485,0.2047075,0.4826528,0.5325323,-0.5338661,-0.5181274,-0.00196949,0.2232236,0.5178224,0.5465894,0.5208555,-1.582001,-1.830933,2.248
1,19.14116,-0.4094462,0.1053412,0.2032956,0.4777687,0.5335918,-0.5347885,-0.5251989,0.01455422,0.2332183,0.527276,0.6224646,0.4731301,-1.582001,-1.830933,2.248
1,19.20739,-0.4126203,0.1058146,0.2013018,0.4746906,0.5407784,-0.5357176,-0.5302818,0.02735281,0.2379519,0.5644234,0.6625078,0.4179307,-1.582001,-1.830933,2.248
1,19.27439,-0.4134255,0.1066376,0.2014834,0.4610975,0.5419821,-0.5318284,-0.5331369,0.0382932,0.2396817,0.5821256,0.6855546,0.3866419,-1.582001,-1.830933,2.248
1,19.34093,-0.4101109,0.1055075,0.2019582,0.4767133,0.5451366,-0.5369859,-0.5354105,0.04257096,0.2402231,0.5806367,0.6985936,0.3749352,-1.582001,-1.830933,2.248
1,19.40757,-0.4078324,0.1048514,0.2016447,0.4820929,0.537771,-0.5441147,-0.5364497,0.03962167,0.2411463,0.5511616,0.6956632,0.4047408,-1.582001,-1.830933,2.248
1,19.47374,-0.408077,0.1052897,0.2017329,0.4717301,0.5335246,-0.5425765,-0.5345188,0.03930749,0.2415834,0.4788994,0.7042043,0.4406005,-1.582001,-1.830933,2.248
1,19.54164,-0.4105365,0.1052771,0.2021608,0.4743727,0.5349185,-0.5419595,-0.5306284,0.03507907,0.2392085,0.4292245,0.681891,0.4789336,-1.582001,-1.830933,2.248
1,19.60713,-0.4127447,0.106168,0.201145,0.4684028,0.5498683,-0.5347484,-0.5240607,0.02885298,0.2321675,0.357631,0.6132953,0.5543915,-1.582001,-1.830933,2.248
1,19.67383,-0.4111245,0.1059371,0.2010722,0.4685242,0.5465264,-0.5373883,-0.5150576,0.02003946,0.2175348,0.2833784,0.489953,0.6314297,-1.582001,-1.830933,2.248
1,19.73025,-0.4094153,0.1050445,0.2026649,0.4800299,0.5435713,-0.539375,-0.5117159,0.01573253,0.2069714,0.2501392,0.3962952,0.6746198,-1.582001,-1.830933,2.248
1,19.79646,-0.4091184,0.105906,0.203143,0.4716295,0.564263,-0.5250928,-0.5103588,0.01284978,0.1990969,0.2188599,0.3257578,0.6990924,-1.582001,-1.830933,2.248
1,19.86487,-0.4109187,0.1063938,0.202383,0.4669472,0.5585136,-0.5280389,-0.5085517,0.01060903,0.1970928,0.2556097,0.332854,0.6864555,-1.582001,-1.830933,2.248
1,19.92972,-0.4128745,0.1062737,0.2016576,0.4640221,0.5517086,-0.5343602,-0.5079011,0.004468231,0.2010981,0.3898329,0.3954426,0.64433,-1.582001,-1.830933,2.248
1,19.99659,-0.4119011,0.105899,0.2018105,0.4626662,0.5375358,-0.5372856,-0.5129114,-0.004890834,0.2049067,0.5288661,0.4162205,0.6184558,-1.582001,-1.830933,2.248
1,20.06326,-0.4097391,0.1050662,0.2025979,0.4751413,0.5362332,-0.5423015,-0.5095637,-0.007146948,0.2024771,0.5494525,0.4266193,0.5851632,-1.582001,-1.830933,2.248
1,20.13096,-0.4096778,0.1052042,0.2031119,0.4783083,0.5485491,-0.5369314,-0.5107036,-0.005654477,0.2026143,0.5400795,0.4601284,0.561765,-1.582001,-1.830933,2.248
1,20.19732,-0.4105588,0.1058616,0.2022977,0.467255,0.5368514,-0.5377066,-0.5106415,-0.005254061,0.2026711,0.5224096,0.4956236,0.5362454,-1.582001,-1.830933,2.248
1,20.26334,-0.41277,0.106225,0.2017067,0.4648119,0.5511568,-0.5343692,-0.5087368,-0.002581631,0.2028354,0.5257372,0.5387909,0.4640727,-1.582001,-1.830933,2.248
1,20.32988,-0.4114504,0.1055448,0.201863,0.4708743,0.5392226,-0.5397572,-0.5084648,-0.0008864713,0.2030765,0.5433927,0.5455047,0.4456681,-1.582001,-1.830933,2.248
1,20.39855,-0.4102589,0.105317,0.2025782,0.4738596,0.5446464,-0.5403038,-0.5085348,0.001044784,0.2038174,0.5576637,0.5580705,0.4303581,-1.582001,-1.830933,2.248
1,20.46229,-0.4100522,0.1049368,0.203,0.4794911,0.540268,-0.5408224,-0.5081013,0.002128476,0.2043847,0.5683398,0.5660931,0.4170042,-1.582001,-1.830933,2.248
1,20.54258,-0.4112182,0.1054289,0.2018071,0.4715136,0.5368992,-0.5417894,-0.5086334,0.004975979,0.2061155,0.5899066,0.5795937,0.3879718,-1.582001,-1.830933,2.248
1,20.60935,-0.4104139,0.1056998,0.2008799,0.4646964,0.5325759,-0.5429043,-0.5089514,0.006611268,0.2078,0.6061114,0.5872555,0.3666255,-1.582001,-1.830933,2.248
1,20.67528,-0.4103261,0.1057479,0.2013151,0.4667796,0.5373197,-0.5398636,-0.5099891,0.00773797,0.209607,0.6201361,0.5901365,0.359002,-1.582001,-1.830933,2.248
1,20.74193,-0.4115288,0.1060192,0.2017999,0.4638703,0.5401911,-0.535989,-0.5106037,0.007043144,0.2099906,0.6405081,0.5762606,0.3589632,-1.582001,-1.830933,2.248
1,20.80858,-0.4112364,0.1056082,0.2026686,0.4734501,0.5510322,-0.535175,-0.5105423,0.009563445,0.2122051,0.654862,0.5839882,0.3426579,-1.582001,-1.830933,2.248
1,20.88394,-0.4104924,0.1058241,0.2023807,0.4674392,0.538718,-0.5373297,-0.5100539,0.009677405,0.2133958,0.6711511,0.581412,0.3309089,-1.582001,-1.830933,2.248
1,20.95264,-0.4112194,0.1053648,0.2018598,0.470596,0.5357541,-0.5434142,-0.509565,0.01014359,0.2145747,0.6823622,0.5817893,0.3249635,-1.582001,-1.830933,2.248
1,21.007,-0.4109833,0.1055062,0.2019532,0.4737509,0.5448375,-0.5393088,-0.5088615,0.009903247,0.2152184,0.6855667,0.5841768,0.3221466,-1.582001,-1.830933,2.248
1,21.07323,-0.4113279,0.1056541,0.2017256,0.4726763,0.5478317,-0.5378065,-0.5096018,0.009538902,0.2170624,0.6641852,0.5913897,0.3579399,-1.582001,-1.830933,2.248
1,21.14117,-0.4141194,0.1093994,0.2044207,0.4149241,0.7840159,-0.3453825,-0.512424,0.006401221,0.2190436,0.610746,0.5903435,0.442653,-1.582001,-1.830933,2.248
1,21.20694,-0.4112822,0.1065698,0.2019348,0.462074,0.5500951,-0.5285383,-0.5124764,0.005435677,0.2207087,0.5688984,0.594443,0.4771876,-1.582001,-1.830933,2.248
1,21.27366,-0.4107481,0.1058502,0.2022303,0.465326,0.5440976,-0.5326301,-0.510713,0.001746764,0.2190008,0.5380421,0.578415,0.5131029,-1.582001,-1.830933,2.248
1,21.34027,-0.4111233,0.1059578,0.2019213,0.4622639,0.5466157,-0.533618,-0.5085756,-0.006731966,0.2139536,0.4644178,0.5208086,0.6111989,-1.582001,-1.830933,2.248
1,21.40693,-0.4110609,0.105883,0.2019179,0.4638194,0.5429352,-0.5344248,-0.5079554,-0.008205582,0.2129287,0.4058881,0.50885,0.6492116,-1.582001,-1.830933,2.248
1,21.48811,-0.411266,0.1057266,0.2018502,0.4699114,0.5462422,-0.539088,-0.5083302,-0.006616369,0.2143326,0.360502,0.5348368,0.6518629,-1.582001,-1.830933,2.248
1,21.55317,-0.411358,0.1061539,0.2018714,0.4626023,0.547896,-0.5336615,-0.5083155,-0.00689758,0.2136946,0.3763891,0.5365667,0.6433644,-1.582001,-1.830933,2.248
1,21.61852,-0.411175,0.1057256,0.2019491,0.4678619,0.5485609,-0.5369736,-0.5082831,-0.008248209,0.2112715,0.431022,0.5306776,0.6120733,-1.582001,-1.830933,2.248
1,21.69773,-0.410901,0.105811,0.2021211,0.4660697,0.5391949,-0.5366575,-0.5078148,-0.008337033,0.2076603,0.4797254,0.5108706,0.5505185,-1.582001,-1.830933,2.248
1,21.75164,-0.4107569,0.1053926,0.2020159,0.4722579,0.5367954,-0.5421021,-0.5086413,-0.006759908,0.2037807,0.4991197,0.4806519,0.4928286,-1.582001,-1.830933,2.248
1,21.81771,-0.4110195,0.1056386,0.2018471,0.4696296,0.5433718,-0.5396873,-0.5092853,-0.005276428,0.2043186,0.5138878,0.4886001,0.4766602,-1.582001,-1.830933,2.248
1,21.88518,-0.4109468,0.1060156,0.2018473,0.4697809,0.5485845,-0.5349793,-0.5088181,-0.006881133,0.202828,0.5040886,0.4693179,0.4907397,-1.582001,-1.830933,2.248
1,21.95064,-0.4110398,0.1056538,0.2019601,0.4696037,0.5431483,-0.5398243,-0.5092729,-0.005376464,0.2044797,0.5120047,0.4860063,0.4797676,-1.582001,-1.830933,2.248
1,22.0177,-0.4112075,0.1061464,0.2020069,0.4629649,0.5432768,-0.5366498,-0.5090896,-0.005058358,0.2045245,0.5125654,0.4879395,0.476881,-1.582001,-1.830933,2.248
1,22.08561,-0.411308,0.1057907,0.2020931,0.4687192,0.5464189,-0.5380049,-0.5091965,-0.005585246,0.2046139,0.5108544,0.4822677,0.4840178,-1.582001,-1.830933,2.248
1,22.15084,-0.4110612,0.1056337,0.2018942,0.4694609,0.5431196,-0.5401806,-0.5092292,-0.005322529,0.2045449,0.5122077,0.4865483,0.4793495,-1.582001,-1.830933,2.248
1,22.21788,-0.4110699,0.1056369,0.2019388,0.4694263,0.5430553,-0.5402092,-0.5092236,-0.005412902,0.2045954,0.5114123,0.4853272,0.4808949,-1.582001,-1.830933,2.248
1,22.28432,-0.4110157,0.1055937,0.2019717,0.4700836,0.5433068,-0.5397769,-0.509192,-0.005499354,0.2046552,0.5108943,0.4844937,0.482378,-1.582001,-1.830933,2.248
1,22.35031,-0.4109002,0.1059404,0.2019614,0.4706313,0.5468822,-0.5354403,-0.5092751,-0.005457187,0.2046731,0.5100312,0.4859688,0.4828458,-1.582001,-1.830933,2.248
1,22.40082,-0.4113815,0.1066148,0.202023,0.4668399,0.5610789,-0.5273212,-0.5092703,-0.005488941,0.204668,0.5098152,0.4863194,0.4828556,-1.582001,-1.830933,2.248
1,22.46311,-0.4108658,0.1055354,0.2019832,0.4713285,0.5400631,-0.5404525,-0.5093886,-0.005565117,0.2047106,0.5090407,0.4867727,0.4846267,-1.582001,-1.830933,2.248
1,22.52836,-0.4110308,0.1056366,0.2019435,0.4696248,0.5433657,-0.5397361,-0.5094011,-0.005569567,0.2047129,0.5093252,0.4866156,0.4849634,-1.582001,-1.830933,2.248
1,22.59494,-0.4110408,0.1056438,0.2019337,0.46965,0.5432348,-0.5398533,-0.5094286,-0.005563223,0.2047308,0.5096091,0.4862639,0.4851546,-1.582001,-1.830933,2.248
1,22.66191,-0.4110706,0.1056202,0.2019331,0.4695435,0.5430835,-0.5402151,-0.5094521,-0.005588418,0.2047091,0.5095631,0.4861119,0.4854188,-1.582001,-1.830933,2.248
1,22.74331,-0.4111639,0.1061065,0.2019957,0.4634711,0.5435833,-0.5362357,-0.5094479,-0.005598544,0.2047237,0.5096729,0.4861112,0.4853954,-1.582001,-1.830933,2.248
1,22.80819,-0.4110281,0.1056402,0.2019828,0.4697419,0.5428741,-0.540038,-0.5096244,-0.006107871,0.2043216,0.5103438,0.4797868,0.4903483,-1.582001,-1.830933,2.248
1,22.8734,-0.4109563,0.1060207,0.2019361,0.4696739,0.5488598,-0.5349188,-0.5096132,-0.006133414,0.2043554,0.5106195,0.479977,0.490616,-1.582001,-1.830933,2.248
1,22.94005,-0.4110188,0.1056583,0.2019549,0.4696498,0.5430564,-0.5399917,-0.509385,-0.005496393,0.2047825,0.5107816,0.486258,0.485634,-1.582001,-1.830933,2.248
1,23.00633,-0.4110359,0.105639,0.2019863,0.4697591,0.5429325,-0.5399534,-0.5093858,-0.005498889,0.2047761,0.5109057,0.4863286,0.4857197,-1.582001,-1.830933,2.248
1,23.073,-0.4110267,0.1056555,0.2019442,0.4696097,0.5431781,-0.5398892,-0.5098921,-0.006195622,0.204246,0.5096859,0.4800742,0.4935818,-1.582001,-1.830933,2.248
1,23.14218,-0.411036,0.1056383,0.2019571,0.4697432,0.543007,-0.5399535,-0.5105277,-0.00541867,0.2053152,0.5122054,0.4899985,0.4923872,-1.582001,-1.830933,2.248
1,23.19465,-0.4110647,0.1064656,0.202,0.4631639,0.5471328,-0.5321118,-0.5095412,-0.005559146,0.204957,0.5066642,0.4906629,0.4904924,-1.582001,-1.830933,2.248
1,23.26094,-0.4110197,0.1056595,0.2019498,0.4695864,0.5431305,-0.5398983,-0.5083022,-0.005869203,0.2050916,0.4884265,0.5072771,0.4889842,-1.582001,-1.830933,2.248
1,23.31887,-0.411017,0.1055917,0.2019923,0.4701543,0.5430887,-0.5398499,-0.5101691,-0.00619307,0.2050719,0.4911942,0.4972089,0.5102352,-1.582001,-1.830933,2.248
1,23.38573,-0.4110335,0.1056598,0.201975,0.4696607,0.5430835,-0.5398927,-0.5103508,-0.005459555,0.2063008,0.4950887,0.4995406,0.5093455,-1.582001,-1.830933,2.248
1,23.45264,-0.4110379,0.1056549,0.2019572,0.469608,0.543173,-0.5398594,-0.5101376,-0.006385435,0.205192,0.4912589,0.4887624,0.5155892,-1.582001,-1.830933,2.248
1,23.51907,-0.4110279,0.1056591,0.2019641,0.4696348,0.5429863,-0.5399505,-0.5103616,-0.005493016,0.2062563,0.496263,0.4982059,0.5086252,-1.582001,-1.830933,2.248
1,23.58372,-0.4110278,0.1055596,0.202008,0.4700418,0.5429392,-0.5402904,-0.5103377,-0.005424017,0.206229,0.4971246,0.4998484,0.5060869,-1.582001,-1.830933,2.248
1,23.65085,-0.4110293,0.1056561,0.2019752,0.469676,0.5431321,-0.5398596,-0.5103264,-0.005372215,0.2062291,0.4983518,0.5012452,0.5040064,-1.582001,-1.830933,2.248
1,23.71683,-0.4110495,0.1056291,0.2019496,0.4694297,0.5429771,-0.5402978,-0.5103297,-0.00536572,0.2061959,0.4984823,0.5015552,0.503458,-1.582001,-1.830933,2.248
1,23.78682,-0.4107532,0.1054408,0.2020405,0.472258,0.5373521,-0.5414723,-0.5101674,-0.006210193,0.2050368,0.4955212,0.4928669,0.5077657,-1.582001,-1.830933,2.248
1,23.83976,-0.4110429,0.1056632,0.201972,0.4693062,0.5431634,-0.539882,-0.5101943,-0.006174359,0.2050317,0.4956979,0.4937551,0.5068232,-1.582001,-1.830933,2.248
